list-none-none,1,10,30,92383,3079.433333
list-none-none,1,100,300,107760,359.200000
list-none-none,1,1000,3000,2877031,959.010333
list-none-none,1,10000,30000,267785728,8926.190933
list-none-none,1,20000,60000,1540978806,25682.980100
list-none-none,2,1,6,104458,17409.666667
list-none-none,2,10,60,111074,1851.233333
list-none-none,4,1,12,164644,13720.333333
list-none-none,4,10,120,162164,1351.366667
list-none-none,8,1,24,311234,12968.083333
list-none-none,1,10,30,111654,3721.800000
list-none-none,1,100,300,240957,803.190000
list-none-none,1,1000,3000,5541700,1847.233333
list-none-none,1,10000,30000,351876780,11729.226000
list-none-none,1,20000,60000,1366657679,22777.627983
list-none-none,2,1,6,178842,29807.000000
list-none-none,1,10,30,92610,3087.000000
list-none-none,1,100,300,176951,589.836667
list-none-none,1,1000,3000,3532142,1177.380667
list-none-none,1,10000,30000,324504334,10816.811133
list-none-none,1,20000,60000,1312204558,21870.075967
list-none-none,2,1,6,125053,20842.166667
list-none-none,2,10,60,75806,1263.433333
list-none-none,4,1,12,144166,12013.833333
list-none-none,4,10,120,186411,1553.425000
list-none-none,8,1,24,219263,9135.958333
list-none-none,8,10,240,218541,910.587500
list-none-none,12,1,36,343200,9533.333333
list-none-none,12,10,360,309216,858.933333
list-inone,2,1,6,77958,12993.000000
list-inone,4,1,12,159951,13329.250000
list-inone,8,1,24,251512,10479.666667
list-inone,12,1,36,341901,9497.250000
list-dnone,8,1,24,234644,9776.833333
list-dnone,12,1,36,292557,8126.583333
list-ilnone,2,1,6,73119,12186.500000
list-ilnone,4,1,12,173748,14479.000000
list-ilnone,8,1,24,245885,10245.208333
list-ilnone,12,1,36,300822,8356.166667
list-dlnone,2,1,6,95394,15899.000000
list-dlnone,4,1,12,175894,14657.833333
list-dlnone,8,1,24,227556,9481.500000
list-dlnone,12,1,36,322967,8971.305556
list-inone,2,2,12,95787,7982.250000
list-inone,4,2,24,174668,7277.833333
list-inone,8,2,48,246657,5138.687500
list-inone,12,2,72,304454,4228.527778
list-dnone,2,2,12,91061,7588.416667
list-dnone,4,2,24,173374,7223.916667
list-dnone,8,2,48,210721,4390.020833
list-ilnone,2,2,12,99365,8280.416667
list-ilnone,4,2,24,158775,6615.625000
list-ilnone,8,2,48,252270,5255.625000
list-dlnone,2,2,12,118535,9877.916667
list-dlnone,4,2,24,175528,7313.666667
list-dlnone,12,2,72,301503,4187.541667
list-inone,4,4,48,119378,2487.041667
list-inone,12,4,144,295415,2051.493056
list-dnone,8,4,96,238833,2487.843750
list-ilnone,2,4,24,128870,5369.583333
list-ilnone,4,4,48,121211,2525.229167
list-ilnone,12,4,144,312482,2170.013889
list-dlnone,2,4,24,116945,4872.708333
list-dlnone,4,4,48,179274,3734.875000
list-inone,2,8,48,120931,2519.395833
list-inone,4,8,96,174927,1822.156250
list-inone,8,8,192,209907,1093.265625
list-dnone,2,8,48,88973,1853.604167
list-dnone,4,8,96,134604,1402.125000
list-dnone,8,8,192,204988,1067.645833
list-dnone,12,8,288,245860,853.680556
list-dlnone,2,8,48,132842,2767.541667
list-inone,2,16,96,107219,1116.864583
list-inone,8,16,384,219210,570.859375
list-dnone,8,16,384,233991,609.351562
list-ilnone,2,16,96,77656,808.916667
list-ilnone,8,16,384,214120,557.604167
list-dlnone,2,16,96,123976,1291.416667
list-inone,2,32,192,140411,731.307292
list-dnone,2,32,192,165371,861.307292
list-im,2,1,6,76991,12831.833333
list-im,4,1,12,164355,13696.250000
list-im,8,1,24,227286,9470.250000
list-im,12,1,36,339746,9437.388889
list-dm,2,1,6,67419,11236.500000
list-dm,4,1,12,176091,14674.250000
list-dm,8,1,24,251551,10481.291667
list-dm,12,1,36,279311,7758.638889
list-ilm,2,1,6,145907,24317.833333
list-ilm,4,1,12,174407,14533.916667
list-ilm,8,1,24,252549,10522.875000
list-ilm,12,1,36,276037,7667.694444
list-dlm,2,1,6,94047,15674.500000
list-dlm,4,1,12,159717,13309.750000
list-dlm,8,1,24,239513,9979.708333
list-dlm,12,1,36,311878,8663.277778
list-im,2,2,12,123498,10291.500000
list-im,4,2,24,133814,5575.583333
list-im,8,2,48,248050,5167.708333
list-im,12,2,72,311921,4332.236111
list-dm,2,2,12,90961,7580.083333
list-dm,4,2,24,160051,6668.791667
list-dm,8,2,48,227704,4743.833333
list-dm,12,2,72,309721,4301.680556
list-ilm,2,2,12,114882,9573.500000
list-ilm,4,2,24,175656,7319.000000
list-ilm,8,2,48,224704,4681.333333
list-ilm,12,2,72,349039,4847.763889
list-dlm,2,2,12,108223,9018.583333
list-dlm,4,2,24,159821,6659.208333
list-dlm,8,2,48,264228,5504.750000
list-dlm,12,2,72,322538,4479.694444
list-im,2,4,24,112865,4702.708333
list-im,4,4,48,175043,3646.729167
list-im,8,4,96,211242,2200.437500
list-im,12,4,144,335278,2328.319444
list-dm,2,4,24,108443,4518.458333
list-dm,4,4,48,158158,3294.958333
list-dm,8,4,96,222907,2321.947917
list-dm,12,4,144,336751,2338.548611
list-ilm,2,4,24,95646,3985.250000
list-ilm,4,4,48,122019,2542.062500
list-ilm,8,4,96,227187,2366.531250
list-ilm,12,4,144,336643,2337.798611
list-dlm,2,4,24,91684,3820.166667
list-dlm,4,4,48,165590,3449.791667
list-dlm,8,4,96,226784,2362.333333
list-dlm,12,4,144,314548,2184.361111
list-im,2,8,48,119396,2487.416667
list-im,4,8,96,116909,1217.802083
list-im,8,8,192,203664,1060.750000
list-im,12,8,288,314736,1092.833333
list-dm,2,8,48,115951,2415.645833
list-dm,4,8,96,178766,1862.145833
list-dm,8,8,192,244958,1275.822917
list-dm,12,8,288,338140,1174.097222
list-ilm,2,8,48,73970,1541.041667
list-ilm,4,8,96,118174,1230.979167
list-ilm,8,8,192,233525,1216.276042
list-ilm,12,8,288,330459,1147.427083
list-dlm,2,8,48,116889,2435.187500
list-dlm,4,8,96,178366,1857.979167
list-dlm,8,8,192,267691,1394.223958
list-dlm,12,8,288,372587,1293.704861
list-im,2,16,96,138174,1439.312500
list-im,4,16,192,189426,986.593750
list-im,8,16,384,246620,642.239583
list-im,12,16,576,329260,571.631944
list-dm,2,16,96,118441,1233.760417
list-dm,4,16,192,163652,852.354167
list-dm,8,16,384,220616,574.520833
list-dm,12,16,576,364852,633.423611
list-ilm,2,16,96,130355,1357.864583
list-ilm,4,16,192,197253,1027.359375
list-ilm,8,16,384,217515,566.445312
list-ilm,12,16,576,374174,649.607639
list-dlm,2,16,96,117461,1223.552083
list-dlm,4,16,192,185507,966.182292
list-dlm,8,16,384,350247,912.101562
list-dlm,12,16,576,318527,552.998264
list-im,2,32,192,129944,676.791667
list-im,4,32,384,209253,544.929688
list-im,8,32,768,320430,417.226562
list-im,12,32,1152,381441,331.111979
list-dm,2,32,192,130614,680.281250
list-dm,4,32,384,209009,544.294271
list-dm,8,32,768,315429,410.714844
list-dm,12,32,1152,400565,347.712674
list-ilm,2,32,192,164751,858.078125
list-ilm,4,32,384,169616,441.708333
list-ilm,8,32,768,395849,515.428385
list-ilm,12,32,1152,454328,394.381944
list-dlm,2,32,192,147943,770.536458
list-dlm,4,32,384,231392,602.583333
list-dlm,8,32,768,357395,465.358073
list-dlm,12,32,1152,408364,354.482639
list-is,2,1,6,92687,15447.833333
list-is,4,1,12,159575,13297.916667
list-is,8,1,24,191715,7988.125000
list-is,12,1,36,295947,8220.750000
list-ds,2,1,6,109928,18321.333333
list-ds,4,1,12,173429,14452.416667
list-ds,8,1,24,234884,9786.833333
list-ds,12,1,36,327022,9083.944444
list-ils,2,1,6,89192,14865.333333
list-ils,4,1,12,172603,14383.583333
list-ils,8,1,24,234422,9767.583333
list-ils,12,1,36,323851,8995.861111
list-dls,2,1,6,90259,15043.166667
list-dls,4,1,12,174144,14512.000000
list-dls,8,1,24,242347,10097.791667
list-dls,12,1,36,274808,7633.555556
list-is,2,2,12,113261,9438.416667
list-is,4,2,24,164999,6874.958333
list-is,8,2,48,196303,4089.645833
list-is,12,2,72,331152,4599.333333
list-ds,2,2,12,69817,5818.083333
list-ds,4,2,24,160599,6691.625000
list-ds,8,2,48,233418,4862.875000
list-ds,12,2,72,340654,4731.305556
list-ils,2,2,12,69001,5750.083333
list-ils,4,2,24,150173,6257.208333
list-ils,8,2,48,261804,5454.250000
list-ils,12,2,72,315309,4379.291667
list-dls,2,2,12,95492,7957.666667
list-dls,4,2,24,108663,4527.625000
list-dls,8,2,48,234234,4879.875000
list-dls,12,2,72,330011,4583.486111
list-is,2,4,24,112729,4697.041667
list-is,4,4,48,159609,3325.187500
list-is,8,4,96,236896,2467.666667
list-is,12,4,144,325307,2259.076389
list-ds,2,4,24,121612,5067.166667
list-ds,4,4,48,121978,2541.208333
list-ds,8,4,96,245237,2554.552083
list-ds,12,4,144,298381,2072.090278
list-ils,2,4,24,166033,6918.041667
list-ils,4,4,48,175314,3652.375000
list-ils,8,4,96,234962,2447.520833
list-ils,12,4,144,313144,2174.611111
list-dls,2,4,24,135467,5644.458333
list-dls,4,4,48,164872,3434.833333
list-dls,8,4,96,233148,2428.625000
list-dls,12,4,144,326080,2264.444444
list-is,2,8,48,108507,2260.562500
list-is,4,8,96,164510,1713.645833
list-is,8,8,192,254163,1323.765625
list-is,12,8,288,294163,1021.399306
list-ds,2,8,48,152172,3170.250000
list-ds,4,8,96,124961,1301.677083
list-ds,8,8,192,221295,1152.578125
list-ds,12,8,288,308058,1069.645833
list-ils,2,8,48,146630,3054.791667
list-ils,4,8,96,135537,1411.843750
list-ils,8,8,192,264182,1375.947917
list-ils,12,8,288,314106,1090.645833
list-dls,2,8,48,111040,2313.333333
list-dls,4,8,96,178626,1860.687500
list-dls,8,8,192,220740,1149.687500
list-dls,12,8,288,338761,1176.253472
list-is,2,16,96,66632,694.083333
list-is,4,16,192,112177,584.255208
list-is,8,16,384,260722,678.963542
list-is,12,16,576,330511,573.803819
list-ds,2,16,96,130626,1360.687500
list-ds,4,16,192,141188,735.354167
list-ds,8,16,384,221257,576.190104
list-ds,12,16,576,320570,556.545139
list-ils,2,16,96,135721,1413.760417
list-ils,4,16,192,185235,964.765625
list-ils,8,16,384,288716,751.864583
list-ils,12,16,576,377419,655.241319
list-dls,2,16,96,83985,874.843750
list-dls,4,16,192,108123,563.140625
list-dls,8,16,384,291289,758.565104
list-dls,12,16,576,382893,664.744792
list-is,2,32,192,126079,656.661458
list-is,4,32,384,186437,485.513021
list-is,8,32,768,250293,325.902344
list-is,12,32,1152,591133,513.136285
list-ds,2,32,192,198267,1032.640625
list-ds,4,32,384,162214,422.432292
list-ds,8,32,768,473851,616.993490
list-ds,12,32,1152,546155,474.092882
list-ils,2,32,192,131740,686.145833
list-ils,4,32,384,194612,506.802083
list-ils,8,32,768,367593,478.636719
list-ils,12,32,1152,576968,500.840278
list-dls,2,32,192,148570,773.802083
list-dls,4,32,384,245811,640.132812
list-dls,8,32,768,385574,502.049479
list-dls,12,32,1152,696484,604.586806
list-none-s,1,1000,3000,3523394,1174.464667
list-none-m,1,1000,3000,4617062,1539.020667
list-none-s,2,1000,6000,7126601,1187.766833
list-none-m,2,1000,6000,9151100,1525.183333
list-none-s,4,1,12,159677,13306.416667
list-none-m,4,1,12,119615,9967.916667
list-none-s,8,1,24,207962,8665.083333
list-none-m,8,1,24,254478,10603.250000
list-none-s,12,1,36,367742,10215.055556
list-none-m,12,1,36,346113,9614.250000
list-none-s,16,1,48,405013,8437.770833
list-none-m,16,1,48,409497,8531.187500
list-none-s,24,1,72,620422,8616.972222
list-none-m,24,1,72,627133,8710.180556
list-none-none,1,10,30,93023,3100.766667
list-none-none,1,100,300,136331,454.436667
list-none-none,1,1000,3000,3618078,1206.026000
list-none-none,1,10000,30000,424573147,14152.438233
list-none-none,1,20000,60000,1727755004,28795.916733
list-none-none,2,1,6,119025,19837.500000
list-none-none,2,10,60,143300,2388.333333
list-none-none,4,1,12,178797,14899.750000
list-none-none,4,10,120,128485,1070.708333
list-none-none,8,1,24,228986,9541.083333
list-none-none,12,1,36,406585,11294.027778
list-inone,2,1,6,111664,18610.666667
list-inone,4,1,12,143238,11936.500000
list-inone,8,1,24,223788,9324.500000
list-inone,12,1,36,304534,8459.277778
list-dnone,2,1,6,109569,18261.500000
list-dnone,4,1,12,171554,14296.166667
list-dnone,8,1,24,208360,8681.666667
list-dnone,12,1,36,303356,8426.555556
list-ilnone,2,1,6,106218,17703.000000
list-ilnone,4,1,12,143314,11942.833333
list-ilnone,8,1,24,234449,9768.708333
list-ilnone,12,1,36,341300,9480.555556
list-dlnone,2,1,6,69751,11625.166667
list-dlnone,4,1,12,174152,14512.666667
list-dlnone,8,1,24,257605,10733.541667
list-inone,2,2,12,100995,8416.250000
list-inone,4,2,24,166505,6937.708333
list-inone,8,2,48,268277,5589.104167
list-inone,12,2,72,333196,4627.722222
list-dnone,2,2,12,184931,15410.916667
list-dnone,8,2,48,267752,5578.166667
list-dnone,12,2,72,317252,4406.277778
list-ilnone,2,2,12,78577,6548.083333
list-ilnone,4,2,24,175180,7299.166667
list-ilnone,8,2,48,221459,4613.729167
list-ilnone,12,2,72,326607,4536.208333
list-dlnone,2,2,12,93478,7789.833333
list-dlnone,4,2,24,172569,7190.375000
list-inone,8,4,96,229820,2393.958333
list-dnone,2,4,24,95493,3978.875000
list-dnone,8,4,96,227130,2365.937500
list-dnone,12,4,144,306407,2127.826389
list-ilnone,2,4,24,112803,4700.125000
list-ilnone,4,4,48,177126,3690.125000
list-ilnone,12,4,144,363605,2525.034722
list-dlnone,2,4,24,71225,2967.708333
list-dlnone,4,4,48,167908,3498.083333
list-dlnone,12,4,144,336258,2335.125000
list-inone,2,8,48,119169,2482.687500
list-inone,4,8,96,179721,1872.093750
list-inone,8,8,192,194573,1013.401042
list-inone,12,8,288,298469,1036.350694
list-dnone,2,8,48,115259,2401.229167
list-dnone,4,8,96,177675,1850.781250
list-ilnone,2,8,48,82901,1727.104167
list-ilnone,4,8,96,137389,1431.135417
list-ilnone,12,8,288,359050,1246.701389
list-dlnone,2,8,48,117355,2444.895833
list-dlnone,4,8,96,108037,1125.385417
list-dlnone,8,8,192,220780,1149.895833
list-dnone,2,16,96,118901,1238.552083
list-dnone,8,16,384,202540,527.447917
list-ilnone,2,16,96,112183,1168.572917
list-inone,2,32,192,89852,467.979167
list-dnone,2,32,192,146993,765.588542
list-dnone,4,32,384,190535,496.184896
list-ilnone,2,32,192,135293,704.651042
list-im,2,1,6,112116,18686.000000
list-im,4,1,12,157233,13102.750000
list-im,8,1,24,217378,9057.416667
list-im,12,1,36,350701,9741.694444
list-dm,2,1,6,71981,11996.833333
list-dm,4,1,12,179919,14993.250000
list-dm,8,1,24,259099,10795.791667
list-dm,12,1,36,360051,10001.416667
list-ilm,2,1,6,72183,12030.500000
list-ilm,4,1,12,108162,9013.500000
list-ilm,8,1,24,202453,8435.541667
list-ilm,12,1,36,312581,8682.805556
list-dlm,2,1,6,113717,18952.833333
list-dlm,4,1,12,172775,14397.916667
list-dlm,8,1,24,206718,8613.250000
list-dlm,12,1,36,327697,9102.694444
list-im,2,2,12,98172,8181.000000
list-im,4,2,24,172836,7201.500000
list-im,8,2,48,196892,4101.916667
list-im,12,2,72,346326,4810.083333
list-dm,2,2,12,77256,6438.000000
list-dm,4,2,24,160326,6680.250000
list-dm,8,2,48,249932,5206.916667
list-dm,12,2,72,326618,4536.361111
list-ilm,2,2,12,110670,9222.500000
list-ilm,4,2,24,159513,6646.375000
list-ilm,8,2,48,236999,4937.479167
list-ilm,12,2,72,282265,3920.347222
list-dlm,2,2,12,107283,8940.250000
list-dlm,4,2,24,166905,6954.375000
list-dlm,8,2,48,234433,4884.020833
list-dlm,12,2,72,282399,3922.208333
list-im,2,4,24,92347,3847.791667
list-im,4,4,48,165285,3443.437500
list-im,8,4,96,206177,2147.677083
list-im,12,4,144,383088,2660.333333
list-dm,2,4,24,118425,4934.375000
list-dm,4,4,48,159269,3318.104167
list-dm,8,4,96,246365,2566.302083
list-dm,12,4,144,311867,2165.743056
list-ilm,2,4,24,106995,4458.125000
list-ilm,4,4,48,175439,3654.979167
list-ilm,8,4,96,254474,2650.770833
list-ilm,12,4,144,323163,2244.187500
list-dlm,2,4,24,108237,4509.875000
list-dlm,4,4,48,151517,3156.604167
list-dlm,8,4,96,240378,2503.937500
list-dlm,12,4,144,305189,2119.368056
list-im,2,8,48,144845,3017.604167
list-im,4,8,96,176678,1840.395833
list-im,8,8,192,228090,1187.968750
list-im,12,8,288,286539,994.927083
list-dm,2,8,48,66073,1376.520833
list-dm,4,8,96,114095,1188.489583
list-dm,8,8,192,270950,1411.197917
list-dm,12,8,288,301521,1046.947917
list-ilm,2,8,48,121062,2522.125000
list-ilm,4,8,96,156953,1634.927083
list-ilm,8,8,192,224801,1170.838542
list-ilm,12,8,288,310715,1078.871528
list-dlm,2,8,48,130063,2709.645833
list-dlm,4,8,96,117251,1221.364583
list-dlm,8,8,192,232727,1212.119792
list-dlm,12,8,288,333789,1158.989583
list-im,2,16,96,73423,764.822917
list-im,4,16,192,122014,635.489583
list-im,8,16,384,224944,585.791667
list-im,12,16,576,326609,567.029514
list-dm,2,16,96,119170,1241.354167
list-dm,4,16,192,148003,770.848958
list-dm,8,16,384,249531,649.820312
list-dm,12,16,576,305919,531.109375
list-ilm,2,16,96,121570,1266.354167
list-ilm,4,16,192,171846,895.031250
list-ilm,8,16,384,251486,654.911458
list-ilm,12,16,576,339460,589.340278
list-dlm,2,16,96,107694,1121.812500
list-dlm,4,16,192,184200,959.375000
list-dlm,8,16,384,279254,727.223958
list-dlm,12,16,576,307159,533.262153
list-im,2,32,192,115937,603.838542
list-im,4,32,384,176573,459.825521
list-im,8,32,768,284325,370.214844
list-im,12,32,1152,366552,318.187500
list-dm,2,32,192,91360,475.833333
list-dm,4,32,384,216556,563.947917
list-dm,8,32,768,271188,353.109375
list-dm,12,32,1152,374168,324.798611
list-ilm,2,32,192,148336,772.583333
list-ilm,4,32,384,201390,524.453125
list-ilm,8,32,768,283990,369.778646
list-ilm,12,32,1152,492818,427.793403
list-dlm,2,32,192,138080,719.166667
list-dlm,4,32,384,212521,553.440104
list-dlm,8,32,768,320601,417.449219
list-dlm,12,32,1152,380113,329.959201
list-is,2,1,6,115359,19226.500000
list-is,4,1,12,128210,10684.166667
list-is,8,1,24,249183,10382.625000
list-is,12,1,36,305718,8492.166667
list-ds,2,1,6,178386,29731.000000
list-ds,4,1,12,128130,10677.500000
list-ds,8,1,24,210226,8759.416667
list-ds,12,1,36,290686,8074.611111
list-ils,2,1,6,68096,11349.333333
list-ils,4,1,12,111602,9300.166667
list-ils,8,1,24,211172,8798.833333
list-ils,12,1,36,309375,8593.750000
list-dls,2,1,6,109960,18326.666667
list-dls,4,1,12,162341,13528.416667
list-dls,8,1,24,216910,9037.916667
list-dls,12,1,36,300918,8358.833333
list-is,2,2,12,109535,9127.916667
list-is,4,2,24,116842,4868.416667
list-is,8,2,48,199263,4151.312500
list-is,12,2,72,284643,3953.375000
list-ds,2,2,12,102039,8503.250000
list-ds,4,2,24,152107,6337.791667
list-ds,8,2,48,264753,5515.687500
list-ds,12,2,72,287036,3986.611111
list-ils,2,2,12,103519,8626.583333
list-ils,4,2,24,172530,7188.750000
list-ils,8,2,48,246419,5133.729167
list-ils,12,2,72,317480,4409.444444
list-dls,2,2,12,80311,6692.583333
list-dls,4,2,24,126097,5254.041667
list-dls,8,2,48,254564,5303.416667
list-dls,12,2,72,317197,4405.513889
list-is,2,4,24,119067,4961.125000
list-is,4,4,48,103521,2156.687500
list-is,8,4,96,201559,2099.572917
list-is,12,4,144,337994,2347.180556
list-ds,2,4,24,100059,4169.125000
list-ds,4,4,48,176953,3686.520833
list-ds,8,4,96,243045,2531.718750
list-ds,12,4,144,333097,2313.173611
list-ils,2,4,24,113086,4711.916667
list-ils,4,4,48,175212,3650.250000
list-ils,8,4,96,203802,2122.937500
list-ils,12,4,144,317437,2204.423611
list-dls,2,4,24,69926,2913.583333
list-dls,4,4,48,165161,3440.854167
list-dls,8,4,96,266380,2774.791667
list-dls,12,4,144,338662,2351.819444
list-is,2,8,48,81241,1692.520833
list-is,4,8,96,232643,2423.364583
list-is,8,8,192,226447,1179.411458
list-is,12,8,288,310604,1078.486111
list-ds,2,8,48,69424,1446.333333
list-ds,4,8,96,120882,1259.187500
list-ds,8,8,192,241974,1260.281250
list-ds,12,8,288,288424,1001.472222
list-ils,2,8,48,86913,1810.687500
list-ils,4,8,96,114288,1190.500000
list-ils,8,8,192,252152,1313.291667
list-ils,12,8,288,322375,1119.357639
list-dls,2,8,48,104584,2178.833333
list-dls,4,8,96,188414,1962.645833
list-dls,8,8,192,229912,1197.458333
list-dls,12,8,288,319221,1108.406250
list-is,2,16,96,120768,1258.000000
list-is,4,16,192,165823,863.661458
list-is,8,16,384,270714,704.984375
list-is,12,16,576,294735,511.692708
list-ds,2,16,96,128687,1340.489583
list-ds,4,16,192,179685,935.859375
list-ds,8,16,384,247148,643.614583
list-ds,12,16,576,301899,524.130208
list-ils,2,16,96,117560,1224.583333
list-ils,4,16,192,185475,966.015625
list-ils,8,16,384,278211,724.507812
list-ils,12,16,576,310671,539.359375
list-dls,2,16,96,124575,1297.656250
list-dls,4,16,192,136403,710.432292
list-dls,8,16,384,236330,615.442708
list-dls,12,16,576,323732,562.034722
list-is,2,32,192,123094,641.114583
list-is,4,32,384,199910,520.598958
list-is,8,32,768,353864,460.760417
list-is,12,32,1152,464418,403.140625
list-ds,2,32,192,149504,778.666667
list-ds,4,32,384,186993,486.960938
list-ds,8,32,768,254433,331.292969
list-ds,12,32,1152,548374,476.019097
list-ils,2,32,192,145297,756.755208
list-ils,4,32,384,203810,530.755208
list-ils,8,32,768,430221,560.183594
list-ils,12,32,1152,576699,500.606771
list-dls,2,32,192,138962,723.760417
list-dls,4,32,384,196733,512.325521
list-dls,8,32,768,358337,466.584635
list-dls,12,32,1152,728600,632.465278
list-none-s,1,1000,3000,4610840,1536.946667
list-none-m,1,1000,3000,4614380,1538.126667
list-none-s,2,1000,6000,7305383,1217.563833
list-none-m,2,1000,6000,9260081,1543.346833
list-none-s,4,1,12,91761,7646.750000
list-none-m,4,1,12,158603,13216.916667
list-none-s,8,1,24,201412,8392.166667
list-none-m,8,1,24,210810,8783.750000
list-none-s,12,1,36,312407,8677.972222
list-none-m,12,1,36,311241,8645.583333
list-none-s,16,1,48,366181,7628.770833
list-none-m,16,1,48,409024,8521.333333
list-none-s,24,1,72,596693,8287.402778
list-none-m,24,1,72,584776,8121.888889
list-none-none,1,10,30,81006,2700.200000
list-none-none,1,100,300,129720,432.400000
list-none-none,1,1000,3000,3536700,1178.900000
list-none-none,1,10000,30000,330509284,11016.976133
list-none-none,1,20000,60000,1362920190,22715.336500
list-none-none,2,1,6,120009,20001.500000
list-none-none,4,1,12,174765,14563.750000
list-none-none,4,10,120,160088,1334.066667
list-none-none,8,1,24,257576,10732.333333
list-none-none,8,10,240,217328,905.533333
list-none-none,12,1,36,322007,8944.638889
list-none-none,12,10,360,290448,806.800000
list-inone,2,1,6,112745,18790.833333
list-inone,4,1,12,171892,14324.333333
list-inone,8,1,24,218788,9116.166667
list-inone,12,1,36,346815,9633.750000
list-dnone,2,1,6,71277,11879.500000
list-dnone,4,1,12,160846,13403.833333
list-ilnone,2,1,6,113045,18840.833333
list-ilnone,4,1,12,167438,13953.166667
list-ilnone,8,1,24,217303,9054.291667
list-dlnone,2,1,6,141933,23655.500000
list-dlnone,4,1,12,98521,8210.083333
list-inone,2,2,12,110780,9231.666667
list-inone,4,2,24,171501,7145.875000
list-inone,8,2,48,213718,4452.458333
list-inone,12,2,72,330969,4596.791667
list-dnone,2,2,12,93040,7753.333333
list-dnone,8,2,48,236007,4916.812500
list-dnone,12,2,72,317802,4413.916667
list-ilnone,2,2,12,108929,9077.416667
list-ilnone,4,2,24,154636,6443.166667
list-ilnone,8,2,48,228002,4750.041667
list-dlnone,12,2,72,298656,4148.000000
list-inone,2,4,24,77607,3233.625000
list-inone,8,4,96,221754,2309.937500
list-inone,12,4,144,329165,2285.868056
list-dnone,2,4,24,77476,3228.166667
list-dnone,4,4,48,170547,3553.062500
list-dnone,8,4,96,226038,2354.562500
list-dnone,12,4,144,291009,2020.895833
list-ilnone,2,4,24,112800,4700.000000
list-ilnone,4,4,48,177898,3706.208333
list-ilnone,8,4,96,236631,2464.906250
list-ilnone,12,4,144,284930,1978.680556
list-dlnone,2,4,24,114746,4781.083333
list-dlnone,4,4,48,175029,3646.437500
list-dlnone,12,4,144,351263,2439.326389
list-inone,2,8,48,78461,1634.604167
list-inone,12,8,288,361109,1253.850694
list-dnone,2,8,48,99292,2068.583333
list-dnone,12,8,288,312592,1085.388889
list-ilnone,2,8,48,95069,1980.604167
list-ilnone,4,8,96,177709,1851.135417
list-ilnone,12,8,288,309280,1073.888889
list-dlnone,2,8,48,120072,2501.500000
list-inone,2,16,96,147090,1532.187500
list-inone,12,16,576,317691,551.546875
list-dlnone,2,16,96,86465,900.677083
list-dlnone,12,16,576,334078,579.996528
list-inone,2,32,192,128611,669.848958
list-dnone,2,32,192,135910,707.864583
list-ilnone,2,32,192,132972,692.562500
list-im,2,1,6,153303,25550.500000
list-im,4,1,12,165713,13809.416667
list-im,8,1,24,227863,9494.291667
list-im,12,1,36,315329,8759.138889
list-dm,2,1,6,112169,18694.833333
list-dm,4,1,12,107074,8922.833333
list-dm,8,1,24,215485,8978.541667
list-dm,12,1,36,340592,9460.888889
list-ilm,2,1,6,95543,15923.833333
list-ilm,4,1,12,117768,9814.000000
list-ilm,8,1,24,264329,11013.708333
list-ilm,12,1,36,377531,10486.972222
list-dlm,2,1,6,75862,12643.666667
list-dlm,4,1,12,147311,12275.916667
list-dlm,8,1,24,256987,10707.791667
list-dlm,12,1,36,335634,9323.166667
list-im,2,2,12,70357,5863.083333
list-im,4,2,24,156153,6506.375000
list-im,8,2,48,265267,5526.395833
list-im,12,2,72,332192,4613.777778
list-dm,2,2,12,168944,14078.666667
list-dm,4,2,24,162020,6750.833333
list-dm,8,2,48,229613,4783.604167
list-dm,12,2,72,337073,4681.569444
list-ilm,2,2,12,69711,5809.250000
list-ilm,4,2,24,179439,7476.625000
list-ilm,8,2,48,222759,4640.812500
list-ilm,12,2,72,343019,4764.152778
list-dlm,2,2,12,112264,9355.333333
list-dlm,4,2,24,183146,7631.083333
list-dlm,8,2,48,274067,5709.729167
list-dlm,12,2,72,310821,4316.958333
list-im,2,4,24,77626,3234.416667
list-im,4,4,48,165580,3449.583333
list-im,8,4,96,251257,2617.260417
list-im,12,4,144,313494,2177.041667
list-dm,2,4,24,115443,4810.125000
list-dm,4,4,48,173180,3607.916667
list-dm,8,4,96,264858,2758.937500
list-dm,12,4,144,348033,2416.895833
list-ilm,2,4,24,113250,4718.750000
list-ilm,4,4,48,95025,1979.687500
list-ilm,8,4,96,213067,2219.447917
list-ilm,12,4,144,424361,2946.951389
list-dlm,2,4,24,116626,4859.416667
list-dlm,4,4,48,119513,2489.854167
list-dlm,8,4,96,233674,2434.104167
list-dlm,12,4,144,349686,2428.375000
list-im,2,8,48,112814,2350.291667
list-im,4,8,96,126808,1320.916667
list-im,8,8,192,216153,1125.796875
list-im,12,8,288,306981,1065.906250
list-dm,2,8,48,166933,3477.770833
list-dm,4,8,96,165932,1728.458333
list-dm,8,8,192,252321,1314.171875
list-dm,12,8,288,323943,1124.802083
list-ilm,2,8,48,88856,1851.166667
list-ilm,4,8,96,94639,985.822917
list-ilm,8,8,192,239101,1245.317708
list-ilm,12,8,288,345475,1199.565972
list-dlm,2,8,48,115192,2399.833333
list-dlm,4,8,96,177597,1849.968750
list-dlm,8,8,192,275976,1437.375000
list-dlm,12,8,288,356363,1237.371528
list-im,2,16,96,83640,871.250000
list-im,4,16,192,115896,603.625000
list-im,8,16,384,243476,634.052083
list-im,12,16,576,349402,606.600694
list-dm,2,16,96,118330,1232.604167
list-dm,4,16,192,180754,941.427083
list-dm,8,16,384,284454,740.765625
list-dm,12,16,576,316930,550.225694
list-ilm,2,16,96,124171,1293.447917
list-ilm,4,16,192,168409,877.130208
list-ilm,8,16,384,263051,685.028646
list-ilm,12,16,576,355146,616.572917
list-dlm,2,16,96,108040,1125.416667
list-dlm,4,16,192,213818,1113.635417
list-dlm,8,16,384,276031,718.830729
list-dlm,12,16,576,341595,593.046875
list-im,2,32,192,96547,502.848958
list-im,4,32,384,192391,501.018229
list-im,8,32,768,361049,470.115885
list-im,12,32,1152,361868,314.121528
list-dm,2,32,192,126918,661.031250
list-dm,4,32,384,208473,542.898438
list-dm,8,32,768,266602,347.138021
list-dm,12,32,1152,324152,281.381944
list-ilm,2,32,192,139228,725.145833
list-ilm,4,32,384,229930,598.776042
list-ilm,8,32,768,371626,483.888021
list-ilm,12,32,1152,485177,421.160590
list-dlm,2,32,192,143997,749.984375
list-dlm,4,32,384,175969,458.252604
list-dlm,8,32,768,379892,494.651042
list-dlm,12,32,1152,452734,392.998264
list-is,2,1,6,89016,14836.000000
list-is,4,1,12,173435,14452.916667
list-is,8,1,24,227379,9474.125000
list-is,12,1,36,317279,8813.305556
list-ds,2,1,6,93520,15586.666667
list-ds,4,1,12,171522,14293.500000
list-ds,8,1,24,258955,10789.791667
list-ds,12,1,36,316304,8786.222222
list-ils,2,1,6,92636,15439.333333
list-ils,4,1,12,164113,13676.083333
list-ils,8,1,24,273502,11395.916667
list-ils,12,1,36,309463,8596.194444
list-dls,2,1,6,109532,18255.333333
list-dls,4,1,12,160408,13367.333333
list-dls,8,1,24,242085,10086.875000
list-dls,12,1,36,283888,7885.777778
list-is,2,2,12,110823,9235.250000
list-is,4,2,24,174282,7261.750000
list-is,8,2,48,236212,4921.083333
list-is,12,2,72,280686,3898.416667
list-ds,2,2,12,92164,7680.333333
list-ds,4,2,24,176404,7350.166667
list-ds,8,2,48,249915,5206.562500
list-ds,12,2,72,324106,4501.472222
list-ils,2,2,12,107661,8971.750000
list-ils,4,2,24,167995,6999.791667
list-ils,8,2,48,240679,5014.145833
list-ils,12,2,72,287296,3990.222222
list-dls,2,2,12,126726,10560.500000
list-dls,4,2,24,180305,7512.708333
list-dls,8,2,48,215672,4493.166667
list-dls,12,2,72,327531,4549.041667
list-is,2,4,24,117872,4911.333333
list-is,4,4,48,158726,3306.791667
list-is,8,4,96,197435,2056.614583
list-is,12,4,144,331335,2300.937500
list-ds,2,4,24,122451,5102.125000
list-ds,4,4,48,172614,3596.125000
list-ds,8,4,96,188303,1961.489583
list-ds,12,4,144,326129,2264.784722
list-ils,2,4,24,97101,4045.875000
list-ils,4,4,48,131475,2739.062500
list-ils,8,4,96,247262,2575.645833
list-ils,12,4,144,330717,2296.645833
list-dls,2,4,24,77400,3225.000000
list-dls,4,4,48,177365,3695.104167
list-dls,8,4,96,249355,2597.447917
list-dls,12,4,144,316384,2197.111111
list-is,2,8,48,64407,1341.812500
list-is,4,8,96,168321,1753.343750
list-is,8,8,192,325531,1695.473958
list-is,12,8,288,297122,1031.673611
list-ds,2,8,48,96152,2003.166667
list-ds,4,8,96,155200,1616.666667
list-ds,8,8,192,209278,1089.989583
list-ds,12,8,288,323525,1123.350694
list-ils,2,8,48,115201,2400.020833
list-ils,4,8,96,112778,1174.770833
list-ils,8,8,192,238994,1244.760417
list-ils,12,8,288,313188,1087.458333
list-dls,2,8,48,116457,2426.187500
list-dls,4,8,96,117027,1219.031250
list-dls,8,8,192,205020,1067.812500
list-dls,12,8,288,321312,1115.666667
list-is,2,16,96,120542,1255.645833
list-is,4,16,192,150801,785.421875
list-is,8,16,384,247321,644.065104
list-is,12,16,576,340046,590.357639
list-ds,2,16,96,79185,824.843750
list-ds,4,16,192,160733,837.151042
list-ds,8,16,384,259758,676.453125
list-ds,12,16,576,347698,603.642361
list-ils,2,16,96,93672,975.750000
list-ils,4,16,192,142469,742.026042
list-ils,8,16,384,200322,521.671875
list-ils,12,16,576,384187,666.991319
list-dls,2,16,96,116876,1217.458333
list-dls,4,16,192,175702,915.114583
list-dls,8,16,384,250987,653.611979
list-dls,12,16,576,377942,656.149306
list-is,2,32,192,96796,504.145833
list-is,4,32,384,162365,422.825521
list-is,8,32,768,267241,347.970052
list-is,12,32,1152,549291,476.815104
list-ds,2,32,192,126536,659.041667
list-ds,4,32,384,216042,562.609375
list-ds,8,32,768,225061,293.048177
list-ds,12,32,1152,567923,492.988715
list-ils,2,32,192,153404,798.979167
list-ils,4,32,384,201020,523.489583
list-ils,8,32,768,434131,565.274740
list-ils,12,32,1152,596588,517.871528
list-dls,2,32,192,163731,852.765625
list-dls,4,32,384,209672,546.020833
list-dls,8,32,768,405914,528.533854
list-dls,12,32,1152,605197,525.344618
list-none-s,1,1000,3000,3602227,1200.742333
list-none-m,1,1000,3000,4746369,1582.123000
list-none-s,2,1000,6000,9598585,1599.764167
list-none-m,2,1000,6000,7154462,1192.410333
list-none-s,4,1,12,158211,13184.250000
list-none-m,4,1,12,120380,10031.666667
list-none-s,8,1,24,266177,11090.708333
list-none-m,8,1,24,237695,9903.958333
list-none-s,12,1,36,379519,10542.194444
list-none-m,12,1,36,325479,9041.083333
list-none-s,16,1,48,431734,8994.458333
list-none-m,16,1,48,405065,8438.854167
list-none-s,24,1,72,595414,8269.638889
list-none-m,24,1,72,627442,8714.472222
